image,size
image1,2
image2,2
image3,2
image4,2
image5,4
image6,3
image7,2
image8,4
image9,3
image10,2
image11,2
image12,2
image13,3
image14,2
image15,2
image16,9
image17,2
image18,2
image19,2
image20,1
image21,3
image22,2
image23,2
image24,6
image25,2
image26,3
image27,2
image28,2
image29,3
image30,2
image31,6
image32,9
image33,/
image34,9
image35,9
image36,5
image37,2
image38,2
image39,2
image40,9
image41,/
image42,3
image43,3
image44,2
image45,2
image46,/
image47,6
image48,/
image49,2
image50,2
image51,/
image52,8
image53,2
image54,2
image55,3
image56,4
image57,2
image58,2
image59,1
image60,3
image61,2
image62,2
image63,8
image64,8
image65,5
image66,9
image67,/
image68,6
image69,/
image70,2
image71,2
image72,2
image73,1
image74,/
image75,/
image76,2
image77,5
image78,9
image79,5
image80,/
image81,2
image82,5
image83,5
image84,/
image85,2
image86,2
image87,/
image88,2
image89,2
image90,3
image91,5
image92,2
image93,1
image94,2
image95,1
image96,2
image97,/
image98,2
image99,2
image100,2
image101,3
image102,8
image103,9
image104,2
image105,2
image106,2
image107,5
image108,2
image109,2
image110,2
image111,2
image112,2
image113,5
image114,/
image115,2
image116,2
image117,2
image118,2
image119,1
image120,6
image121,/
image122,2
image123,2
image124,6
image125,2
image126,3
image127,/
image128,2
image129,2
image130,5
image131,3
image132,2
image133,5
image134,2
image135,2
image136,4
image137,3
image138,2
image139,2
image140,1
image141,3
image142,1
image143,2
image144,2
image145,1
image146,2
image147,1
image148,2
image149,2
image150,2
image151,3
image152,6
image153,3
image154,2
image155,2
image156,2
image157,3
image158,2
image159,3
image160,1
image161,2
image162,/
image163,2
image164,2
image165,2
image166,2
image167,3
image168,1
image169,9
image170,/
image171,2
image172,2
image173,9
image174,9
image175,9
image176,5
image177,3
image178,8
image179,2
image180,2
image181,9
image182,8
image183,8
image184,8
image185,8
image186,8
image187,9
image188,2
image189,8
image190,4
image191,2
image192,2
image193,5
image194,5
image195,5
image196,/
image197,9
image198,2
image199,2
image200,1
image201,2
image202,2
image203,/
image204,5
image205,9
image206,3
image207,1
image208,2
image209,2
image210,5
image211,2
image212,5
image213,1
image214,5
image215,5
image216,8
image217,2
image218,2
image219,/
image220,1
image221,/
image222,6
image223,5
image224,9
image225,3
image226,6
image227,5
image228,7
image229,4
image230,8
image231,/
image232,6
image233,2
image234,3
image235,2
image236,2
image237,2
image238,3
image239,2
image240,5
image241,5
image242,/
image243,3
image244,3
image245,3
image246,/
image247,9
image248,9
image249,/
image250,4
image251,1
image252,3
image253,3
image254,5
image255,2
image256,2
image257,5
image258,2
image259,2
image260,8
image261,2
image262,2
image263,2
image264,2
image265,2
image266,1
image267,2
image268,2
image269,6
image270,/
image271,/
image272,3
image273,9
image274,2
image275,/
image276,8
image277,1
image278,5
image279,9
image280,9
image281,4
image282,/
image283,9
image284,6
image285,6
image286,6
image287,1
image288,3
image289,/
image290,2
image291,/
image292,2
image293,5
image294,2
image295,2
image296,2
image297,2
image298,2
image299,6
image300,9
image301,9
image302,2
image303,2
image304,3
image305,1
image306,3
image307,3
image308,1
image309,2
image310,/
image311,/
image312,3
image313,1
image314,2
image315,2
image316,/
image317,1
image318,2
image319,3
image320,5
image321,9
image322,/
image323,2
image324,1
image325,2
image326,1
image327,1
image328,3
image329,2
image330,5
image331,1
image332,3
image333,2
image334,3
image335,2
image336,2
image337,2
image338,2
image339,2
image340,2
image341,2
image342,8
image343,3
image344,2
image345,3
image346,6
image347,9
image348,2
image349,2
image350,2
image351,6
image352,/
image353,2
image354,8
image355,9
image356,2
image357,2
image358,2
image359,2
image360,3
image361,3
image362,3
image363,2
image364,2
image365,1
image366,/
image367,/
image368,3
image369,5
image370,5
image371,2
image372,/
image373,3
image374,/
image375,2
image376,3
image377,2
image378,2
image379,2
image380,3
image381,2
image382,3
image383,/
image384,7
image385,5
image386,9
image387,/
image388,8
image389,2
image390,3
image391,9
image392,6
image393,6
image394,2
image395,2
image396,3
image397,1
image398,3
image399,2
image400,2
image401,2
image402,2
image403,3
image404,2
image405,2
image406,5
image407,2
image408,2
image409,3
image410,2
image411,2
image412,1
image413,6
image414,5
image415,3
image416,5
image417,3
image418,3
image419,5
image420,5
image421,2
image422,4
image423,2
image424,5
image425,8
image426,3
image427,3
image428,3
image429,3
image430,/
image431,2